id,sport,type,date,description,league,stake,odds,returns,result,bookmaker,valueTag,tipster,freeBet,notes
1777797058456,Aussie Rules,Single,2026-05-03,Over 184.5 Points,AFL,0.5,1.91,0,pending,Paddy Power,,,
1777709834803,Football,Single,2026-05-02,Gyokeres SoT,Premier League,0.3,2,0.6,win,Paddy Power,,,
1777709525840,Football,Single,2026-05-02,Over 3.5,League Two,0.2,3.8,0,loss,Betfair,,,
1777709501628,Football,Double,2026-05-02,Gillingham + Over 2.5,League Two,0.2,2.93,0,loss,Betfair,,,
1777709467912,Football,Single,2026-05-02,Over 2.5,League Two,0.4,2.1,0,loss,Betfair,,,
1777709451564,Football,Single,2026-05-02,Gillingham,League Two,0.4,1.9,0.76,win,Betfair,,,
1777709123024,Football,Sixfold,2026-05-02,BTTS Acca,Mixed,0.1,19.51,0,loss,Betfair,,,
1777709109442,Football,Sixfold,2026-05-02,Over 2.5 Acca,Mixed,0.1,23.32,0,loss,Betfair,,,
1777709060889,Football,Treble,2026-05-02,BTTS Treble,League Two,0.25,4.09,0,loss,Betfair,,,
1777709037707,Football,Treble,2026-05-02,Over 2.5 Treble,League Two,0.25,4.71,0,loss,Betfair,,,
1777709013868,Football,Treble,2026-05-02,Over 2.5 Treble,League One,0.25,4.71,0,loss,Betfair,,,
1777708978344,Football,Treble,2026-05-02,BTTS Treble,League One,0.25,4.09,0,loss,Betfair,,,
1777708920630,Football,Treble,2026-05-02,BTTS Treble,Championship,0.25,4.24,0,loss,Betfair,,,
1777708894370,Football,Treble,2026-05-02,Over 2.5 Treble,Championship,0.25,4.15,0,loss,Betfair,,,
1777656708216,Aussie Rules,Treble,2026-05-01,Mixed Selections,AFL,0.1,23.01,0,loss,Paddy Power,,,
1777656611753,Aussie Rules,Sixfold,2026-05-01,Mixed Selections,AFL,0.15,661.58,0,loss,Paddy Power,,,
1777656468861,Horse Racing,Treble,2026-05-01,Mixed Selections,Punchestown,0.5,2.83,1.415,win,Paddy Power,,,
1777656440344,Horse Racing,Single,2026-05-01,Lossiemouth,Punchestown,0.24,1.25,0.3,win,Paddy Power,,,
1777656406658,Horse Racing,Single,2026-05-01,King Rasko Grey,Punchestown,0.25,2,0.5,win,Paddy Power,,,
1777656380691,Horse Racing,Single,2026-05-01,Dinoblue,Punchestown,0.25,1.4,0.35,win,Paddy Power,,,
1777656353214,Horse Racing,Single,2026-05-01,Hearts and Spades,Punchestown,0.09,1.8,0,loss,Paddy Power,,,
1777656323546,Horse Racing,Each-Way Single,2026-05-01,Spartan Arrow,Goodwood,0.2,12,0,loss,Paddy Power,,,
1777656289261,Horse Racing,Each-Way Single,2026-05-01,Division,Ascot,0.2,13,0.34,win,Paddy Power,,,
1777656263986,Horse Racing,Single,2026-05-01,Sweet William,Ascot,0.49,1.8,0.88,win,Paddy Power,,,
1777656092110,Horse Racing,Double,2026-05-01,Poseidons Warrior/Sweet William,Mixed,0.1,3.89,0,loss,Paddy Power,,,
1777639455659,Horse Racing,Single,2026-05-01,Poseidons Warrior,Newmarket,0.25,2.25,0,loss,Paddy Power,,,
1777639386631,Horse Racing,Single,2026-05-01,Earth Shot,Newmarket,0.3,1.83,0.549,win,Paddy Power,,,
1777624635778,Greyhounds,Patent,2026-05-01,Mixed Selections,Mixed,0.14,24.61,0.23,win,Paddy Power,,,
1777624624738,Greyhounds,Treble,2026-05-01,Mixed Selections,Mixed,0.14,24.61,0,loss,Paddy Power,,,
1777624595888,Greyhounds,Single,2026-05-01,Melbury Tyr,Hove,0.1,3.75,0,loss,Paddy Power,,,
1777624574217,Greyhounds,Single,2026-05-01,Ritzy Queen,Harlow,0.1,2.63,0.263,win,Paddy Power,,,
1777624546900,Greyhounds,Single,2026-05-01,Cofam Spurs,Harlow,0.1,2.5,0.25,win,Paddy Power,value,,,"Smashed in, SP of 4/7"
1777621956963,Baseball,Patent,2026-05-01,Moneyline Treble,Japense Baseball,0.35,3.64,0.29,win,Paddy Power,,AI Gemini,
1777621937681,Baseball,Treble,2026-05-01,Moneyline Treble,Japense Baseball,0.15,3.64,0,loss,Paddy Power,,AI Gemini,
1777621488552,Aussie Rules,Single,2026-05-01,Over 184.5 Points,AFL,0.58,1.83,1.0614,win,Paddy Power,,,
1777621167311,Aussie Rules,Single,2026-04-30,Over 174.5 Points,AFL,0.7,1.83,1.28,win,Paddy Power,,,
1777621123357,Football,Single,2026-04-30,SoT Double,Champions League,0.38,4,0,loss,Paddy Power,,,
1777621093034,Football,Single,2026-04-29,Over 2.5 Goals,Champions League,0.2,1.73,0,loss,Paddy Power,,,
1777621048951,Horse Racing,Single,2026-04-29,Gaelic Warrior,Punchestown,0.49,2,0.98,win,Paddy Power,,,
1777446888194,Baseball,Treble,2026-04-29,Mixed Treble,KBO,0.1,4.5,0,loss,Paddy Power,,AI Gemini,
1777446813177,Baseball,Patent,2026-04-29,Mixed Selections,KBO,0.36,9.45,0.49,win,Paddy Power,,AI Gemini,
1777446793462,Baseball,Treble,2026-04-29,Mixed Selections,KBO,0.15,9.45,0,loss,Paddy Power,,AI Gemini,
1777445993446,Horse Racing,Patent,2026-04-29,Mixed Selections,Mixed,0.28,13488,0,loss,Paddy Power,,,
1777445977049,Horse Racing,Treble,2026-04-29,Mixed Selections,Mixed,0.12,13488,0,loss,Paddy Power,,,
1777445540516,Basketball,Single,2026-04-29,Mixed Selections,NBA,0.1,7.11,0,loss,Paddy Power,,,
1777445516940,Basketball,Bet Builder,2026-04-29,Mixed Selections,NBA,0.12,137.51,0,loss,Paddy Power,,,
1777445478486,Horse Racing,Single,2026-04-29,Bacio,US Racing,0.16,1.4,0.22,win,Paddy Power,,,
1777445442280,Football,Single,2026-04-29,Dembele 1+ Fouled,Champions League,0.1,51,0,loss,Paddy Power,,,
1777445425104,Football,Single,2026-04-29,Dembele 1+ Fouled,Champions League,0.1,7.5,0,loss,Paddy Power,,,
1777404706219,Football,Single,2026-04-28,Diaz 1+ SoT,Champions League,0.68,2,1.36,win,Paddy Power,,,
1777404685308,Football,Bet Builder,2026-04-28,Mixed Selections,Champions League,0.2,26.92,0,loss,Paddy Power,,,
1777404489701,Football,Single,2026-04-28,Over 1.5 Goals,Egypt Premier League,0.1,3.3,0.33,win,Paddy Power,,,
1777404470535,Football,Single,2026-04-28,Over 1.5 Goals,Egypt Premier League,0.2,2.75,0.55,win,Paddy Power,,,
1777404443807,Football,Single,2026-04-28,Over 0.5 Goals,Egypt Premier League,0.2,1.5,0.3,win,Paddy Power,,,
1777404417445,Football,Single,2026-04-28,Over 0.5 Goals,Egypt Premier League,0.5,1.36,0.68,win,Paddy Power,,,
1777404389362,Horse Racing,Single,2026-04-28,Il Etait Temps,Punchestown,1.2,1.83,2.2,win,Paddy Power,,,
1777404344644,Football,Single,2026-04-26,Leeds,FA Cup,0.47,3.7,0,loss,Paddy Power,,,
1777404319689,Other,Single,2026-04-26,Aidan O'Connor to Score 10+ Points,GAA,0.26,2.4,0,loss,Paddy Power,,,
1777404281660,Football,Single,2026-04-25,Wrexham,Championship,0.3,3.5,0,loss,Paddy Power,,,
1777404224455,Football,Double,2026-04-25,Wrexham Over 2.5,Championship,0.15,4.49,0,loss,Paddy Power,,,
1777404198633,Football,Single,2026-04-25,Over 2.5 Goals,Championship,0.3,1.57,0.47,win,Paddy Power,,,
1777404171194,Football,Single,2026-04-25,Over 0.5 Goals,FA Cup,0.94,1.25,1.18,win,Paddy Power,,,
1777404147119,Football,Single,2026-04-25,Over 0.5 Goals,FA Cup,0.25,1.53,0.38,win,Paddy Power,,,
1777108559899,Football,Sixfold,2026-04-25,Over 2.5 Acca,Mixed,0.18,15.68,0,loss,Paddy Power,,,
1777108534878,Football,Sixfold,2026-04-25,BTTS Acca,Mixed,0.18,16.32,0,loss,Paddy Power,,,
1777108492991,Football,Treble,2026-04-25,Over 2.5 Treble,National League North,0.3,4.22,0,loss,Paddy Power,,,
1777108472403,Football,Treble,2026-04-25,BTTS Treble,National League North,0.3,3.4,0,loss,Paddy Power,,,
1777108439259,Football,Treble,2026-04-25,BTTS Treble,National League South,0.3,4.79,1.437,win,Paddy Power,,,
1777108406931,Football,Treble,2026-04-25,Over 2.5 Treble,National League South,0.3,4.22,0,loss,Paddy Power,,,
1777104604071,Horse Racing,Treble,2026-04-25,Horses Treble,Mixed,0.09,16.2,1.458,win,Paddy Power,,,
1777104586168,Horse Racing,Patent,2026-04-25,Horses Treble,Mixed,0.21,16.2,1.33,win,Paddy Power,,,
1777104554924,Horse Racing,Treble,2026-04-25,Horses Treble,Mixed,0.09,3.74,0.34,win,Paddy Power,,,
1777104534388,Horse Racing,Patent,2026-04-25,Horses Treble,Mixed,0.21,3.74,0.47,win,Paddy Power,,,
1777104416904,Aussie Rules,Single,2026-04-25,Geelong -29.5,AFL,0.47,1.9,0,loss,Paddy Power,,,
1777104360037,Football,Single,2026-04-25,Over 2.5,Womens A-League,0.09,2.8,0.252,win,Paddy Power,,,
1777104330181,Football,Single,2026-04-25,Over 1.5,Womens A-League,0.4,1.57,0.628,win,Paddy Power,,,
1777101404736,Football,Single,2026-04-25,Over 2.5,Womens A-League,0.29,2,0.58,win,Paddy Power,,,
1777101334343,Aussie Rules,Single,2026-04-25,Over 143.5 Points,AFL,0.58,1.83,1.0614,win,Paddy Power,,,
1777101292759,Football,Single,2026-04-25,Watkins SoT,Premeir League,1,2,2,win,Paddy Power,,,,Price Boost
1777039774015,Horse Racing,Treble,2026-04-24,Mixed Treble,Mixed,0.09,9.63,0,loss,Paddy Power,,,
1777039755867,Horse Racing,Patent,2026-04-24,Mixed Treble,Mixed,0.21,9.63,0,loss,Paddy Power,,,
1777039697949,Horse Racing,Single,2026-04-24,He Knows Better,Perth,0.12,2,0,loss,Paddy Power,,,
1777037956391,Horse Racing,Single,2026-04-24,Action,ITV Racing,0.1,1.83,0,loss,Paddy Power,,,
1777037943226,Horse Racing,Single,2026-04-24,Field of Gold,ITV Racing,0.1,2.2,0,loss,Paddy Power,,,
1777037917826,Horse Racing,Treble,2026-04-24,ITV Racing Treble,ITV Racing,0.09,22.18,0,loss,Paddy Power,,,
1777037900951,Horse Racing,Patent,2026-04-24,ITV Racing ,ITV Racing,0.21,22.18,0,loss,Paddy Power,,,
1777037220077,Horse Racing,Each-Way Single,2026-04-24,Go to War,ITV Racing,0.48,13,0.42,win,Paddy Power,,,
1777037008087,Horse Racing,Single,2026-04-24,Almeric,Sandown,0.41,2.63,0,loss,Betfair,,,
1777023187996,Greyhounds,Patent,2026-04-24,Hove Treble,Hove,0.35,23.89,0,loss,Betfair,,,
1777023152964,Greyhounds,Treble,2026-04-24,Hove Treble,Hove,0.15,23.89,0,loss,Betfair,,,
1777023116118,Greyhounds,Double,2026-04-24,Dogs Double,Harlow,0.2,20.63,0,loss,Betfair,,,
1777023088069,Greyhounds,Single,2026-04-24,Cofam Princess,Harlow,0.4,3.75,0,loss,Betfair,,,
1777023057224,Greyhounds,Single,2026-04-24,Limestone Gal,Harlow,0.4,5.5,0,loss,Betfair,,,
1777023029261,Greyhounds,Treble,2026-04-24,Hove Treble,Hove,0.15,116.19,0,loss,Betfair,,,
1777022994025,Greyhounds,Patent,2026-04-24,Dogs Treble,Hove,0.35,116.19,0,loss,Betfair,,,
1777022928695,Mixed,Treble,2026-04-24,Aussie Overs,Mixed,0.15,5.32,0,loss,Betfair,,,
1777022908021,Mixed,Patent,2026-04-24,Aussie Overs,Mixed,0.35,5.32,0.3,win,Betfair,,,
1777022868645,Baseball,Patent,2026-04-24,Overs Patent,Japense Baseball,0.35,7.25,0.11,win,Betfair,,,
1777011008068,Aussie Rules,Single,2026-04-24,Over 181.5 Points,AFL,0.24,1.9,0.46,win,Paddy Power,,,
1777010982039,Aussie Rules,Single,2026-04-24,Over 181.5 Points,AFL,0.68,1.9,1.29,win,Paddy Power,,,